{
  "activateSkinCapeForUserVersion": false,
  "skipHashsumValidation": false,
  "modsLibraries": [
    {
      "name": "optifine:OptiFine:1.17.1_HD_U_H2_pre1",
      "artifact": {
        "sha1": "7ced2f9c358e83266b7f624074936843636051b2",
        "size": 5834219,
        "path": "optifine/OptiFine/1.17.1_HD_U_H2_pre1/OptiFine-1.17.1_HD_U_H2_pre1.jar",
        "url": "http://res.tlauncher.org/unb/mods/9999999/11001973/OptiFine-1.17.1_HD_U_H2_pre1.jar"
      }
    }
  ],
  "additionalFiles": [
    {
      "sha1": "e4d540e0cba05a6097e885dffdf363e621f87d3f",
      "size": 6437531,
      "path": "libraries/net/minecraft/client/1.17.1-20210706.113038/client-1.17.1-20210706.113038-mappings.txt",
      "url": "http://res.tlauncher.org/unb/libraries/cache/net/minecraft/client/1.17.1-20210706.113038/client-1.17.1-20210706.113038-mappings.txt"
    },
    {
      "sha1": "b8de6b6dc0fc88232d974bdaaf085c56145277b1",
      "size": 10268370,
      "path": "libraries/net/minecraft/client/1.17.1-20210706.113038/client-1.17.1-20210706.113038-slim.jar",
      "url": "http://res.tlauncher.org/unb/libraries/cache/net/minecraft/client/1.17.1-20210706.113038/client-1.17.1-20210706.113038-slim.jar"
    },
    {
      "sha1": "711eab1fb80ca6ea391ebdd67d1c54459ed9065a",
      "size": 15451999,
      "path": "libraries/net/minecraft/client/1.17.1-20210706.113038/client-1.17.1-20210706.113038-srg.jar",
      "url": "http://res.tlauncher.org/unb/libraries/cache/net/minecraft/client/1.17.1-20210706.113038/client-1.17.1-20210706.113038-srg-711eab1fb80ca6ea391ebdd67d1c54459ed9065a.jar"
    },
    {
      "sha1": "483cfeb6029f2d180f740af4ea7ecb3613182772",
      "size": 9278494,
      "path": "libraries/net/minecraft/client/1.17.1-20210706.113038/client-1.17.1-20210706.113038-extra.jar",
      "url": "http://res.tlauncher.org/unb/libraries/cache/net/minecraft/client/1.17.1-20210706.113038/client-1.17.1-20210706.113038-extra.jar"
    },
    {
      "sha1": "82fd7860c2438fe9251b7a962999b0b2c8503a28",
      "size": 2338275,
      "path": "libraries/net/minecraftforge/forge/1.17.1-37.1.1/forge-1.17.1-37.1.1-universal.jar",
      "url": "http://res.tlauncher.org/unb/libraries/cache/net/minecraftforge/forge/1.17.1-37.1.1/forge-1.17.1-37.1.1-universal.jar"
    },
    {
      "sha1": "3a5c04715b7cb39e496561720a7359eb3a2d4f2f",
      "size": 4259465,
      "path": "libraries/net/minecraftforge/forge/1.17.1-37.1.1/forge-1.17.1-37.1.1-client.jar",
      "url": "http://res.tlauncher.org/unb/libraries/cache/net/minecraftforge/forge/1.17.1-37.1.1/forge-1.17.1-37.1.1-client.jar"
    },
    {
      "sha1": "7cb4a179d7404ca3846936742ae562f43f38db1a",
      "size": 109566,
      "path": "libraries/net/minecraftforge/fmlcore/1.17.1-37.1.1/fmlcore-1.17.1-37.1.1.jar",
      "url": "http://res.tlauncher.org/unb/libraries/cache/net/minecraftforge/fmlcore/1.17.1-37.1.1/fmlcore-1.17.1-37.1.1.jar"
    },
    {
      "sha1": "f9646cd6a35efab2e595efef2858fcb325501be3",
      "size": 16287,
      "path": "libraries/net/minecraftforge/javafmllanguage/1.17.1-37.1.1/javafmllanguage-1.17.1-37.1.1.jar",
      "url": "http://res.tlauncher.org/unb/libraries/cache/net/minecraftforge/javafmllanguage/1.17.1-37.1.1/javafmllanguage-1.17.1-37.1.1.jar"
    },
    {
      "sha1": "5f79912fa14069175fd01a16fea8ee349433e9b6",
      "size": 4980,
      "path": "libraries/net/minecraftforge/mclanguage/1.17.1-37.1.1/mclanguage-1.17.1-37.1.1.jar",
      "url": "http://res.tlauncher.org/unb/libraries/cache/net/minecraftforge/mclanguage/1.17.1-37.1.1/mclanguage-1.17.1-37.1.1.jar"
    }
  ],
  "tlauncherVersion": 0,
  "source": "local_version_repo",
  "jar": "1.17.1",
  "skinVersion": true,
  "updatedTime": "2021-12-13T10:15:30+01:00"
}